model,query_id,query_name,query_tactic,similar_id,similar_name,cosine_score
CTI-BERT,T1001,Data Obfuscation,Command and Control,,,
SecureBERT,T1001,Data Obfuscation,Command and Control,T1665,Hide Infrastructure,0.9735
BERT,T1001,Data Obfuscation,Command and Control,,,
CTI-BERT,T1003,OS Credential Dumping,Credential Access,,,
SecureBERT,T1003,OS Credential Dumping,Credential Access,T1110,Brute Force,0.9703
BERT,T1003,OS Credential Dumping,Credential Access,,,
CTI-BERT,T1005,Data from Local System,Collection,,,
SecureBERT,T1005,Data from Local System,Collection,T1039,Data from Network Shared Drive,0.9711
BERT,T1005,Data from Local System,Collection,,,
CTI-BERT,T1006,Direct Volume Access,Stealth,,,
SecureBERT,T1006,Direct Volume Access,Stealth,T1564,Hide Artifacts,0.9585
BERT,T1006,Direct Volume Access,Stealth,,,
CTI-BERT,T1007,System Service Discovery,Discovery,,,
SecureBERT,T1007,System Service Discovery,Discovery,T1016,System Network Configuration Discovery,0.9762
BERT,T1007,System Service Discovery,Discovery,,,
CTI-BERT,T1008,Fallback Channels,Command and Control,,,
SecureBERT,T1008,Fallback Channels,Command and Control,T1104,Multi-Stage Channels,0.9692
BERT,T1008,Fallback Channels,Command and Control,,,
CTI-BERT,T1010,Application Window Discovery,Discovery,,,
SecureBERT,T1010,Application Window Discovery,Discovery,T1057,Process Discovery,0.9732
BERT,T1010,Application Window Discovery,Discovery,,,
CTI-BERT,T1011,Exfiltration Over Other Network Medium,Exfiltration,,,
SecureBERT,T1011,Exfiltration Over Other Network Medium,Exfiltration,T1052,Exfiltration Over Physical Medium,0.9684
BERT,T1011,Exfiltration Over Other Network Medium,Exfiltration,,,
CTI-BERT,T1012,Query Registry,Discovery,,,
SecureBERT,T1012,Query Registry,Discovery,T1082,System Information Discovery,0.9602
BERT,T1012,Query Registry,Discovery,,,
CTI-BERT,T1014,Rootkit,Stealth,,,
SecureBERT,T1014,Rootkit,Stealth,T1564,Hide Artifacts,0.9711
BERT,T1014,Rootkit,Stealth,,,
CTI-BERT,T1016,System Network Configuration Discovery,Discovery,,,
SecureBERT,T1016,System Network Configuration Discovery,Discovery,T1007,System Service Discovery,0.9762
BERT,T1016,System Network Configuration Discovery,Discovery,,,
CTI-BERT,T1018,Remote System Discovery,Discovery,,,
SecureBERT,T1018,Remote System Discovery,Discovery,T1016,System Network Configuration Discovery,0.9755
BERT,T1018,Remote System Discovery,Discovery,,,
CTI-BERT,T1020,Automated Exfiltration,Exfiltration,,,
SecureBERT,T1020,Automated Exfiltration,Exfiltration,T1537,Transfer Data to Cloud Account,0.9694
BERT,T1020,Automated Exfiltration,Exfiltration,,,
CTI-BERT,T1021,Remote Services,Lateral Movement,,,
SecureBERT,T1021,Remote Services,Lateral Movement,T1563,Remote Service Session Hijacking,0.9699
BERT,T1021,Remote Services,Lateral Movement,,,
CTI-BERT,T1025,Data from Removable Media,Collection,T1039,Data from Network Shared Drive,0.9723
SecureBERT,T1025,Data from Removable Media,Collection,T1039,Data from Network Shared Drive,0.9909
BERT,T1025,Data from Removable Media,Collection,T1039,Data from Network Shared Drive,0.973
CTI-BERT,T1027,Obfuscated Files or Information,Stealth,,,
SecureBERT,T1027,Obfuscated Files or Information,Stealth,T1036,Masquerading,0.9763
BERT,T1027,Obfuscated Files or Information,Stealth,,,
CTI-BERT,T1029,Scheduled Transfer,Exfiltration,,,
SecureBERT,T1029,Scheduled Transfer,Exfiltration,T1030,Data Transfer Size Limits,0.9578
BERT,T1029,Scheduled Transfer,Exfiltration,,,
CTI-BERT,T1030,Data Transfer Size Limits,Exfiltration,,,
SecureBERT,T1030,Data Transfer Size Limits,Exfiltration,T1020,Automated Exfiltration,0.9595
BERT,T1030,Data Transfer Size Limits,Exfiltration,,,
CTI-BERT,T1033,System Owner/User Discovery,Discovery,T1057,Process Discovery,0.9612
SecureBERT,T1033,System Owner/User Discovery,Discovery,T1057,Process Discovery,0.9835
BERT,T1033,System Owner/User Discovery,Discovery,T1082,System Information Discovery,0.9552
CTI-BERT,T1036,Masquerading,Stealth,,,
SecureBERT,T1036,Masquerading,Stealth,T1027,Obfuscated Files or Information,0.9763
BERT,T1036,Masquerading,Stealth,,,
CTI-BERT,T1037,Boot or Logon Initialization Scripts,"Persistence, Privilege Escalation",,,
SecureBERT,T1037,Boot or Logon Initialization Scripts,"Persistence, Privilege Escalation",T1547,Boot or Logon Autostart Execution,0.9769
BERT,T1037,Boot or Logon Initialization Scripts,"Persistence, Privilege Escalation",,,
CTI-BERT,T1039,Data from Network Shared Drive,Collection,T1025,Data from Removable Media,0.9723
SecureBERT,T1039,Data from Network Shared Drive,Collection,T1025,Data from Removable Media,0.9909
BERT,T1039,Data from Network Shared Drive,Collection,T1025,Data from Removable Media,0.973
CTI-BERT,T1040,Network Sniffing,"Credential Access, Discovery",,,
SecureBERT,T1040,Network Sniffing,"Credential Access, Discovery",T1120,Peripheral Device Discovery,0.9614
BERT,T1040,Network Sniffing,"Credential Access, Discovery",T1557,Adversary-in-the-Middle,0.9538
CTI-BERT,T1041,Exfiltration Over C2 Channel,Exfiltration,T1048,Exfiltration Over Alternative Protocol,0.9577
SecureBERT,T1041,Exfiltration Over C2 Channel,Exfiltration,T1048,Exfiltration Over Alternative Protocol,0.9814
BERT,T1041,Exfiltration Over C2 Channel,Exfiltration,T1048,Exfiltration Over Alternative Protocol,0.9612
CTI-BERT,T1046,Network Service Discovery,Discovery,,,
SecureBERT,T1046,Network Service Discovery,Discovery,T1518,Software Discovery,0.9735
BERT,T1046,Network Service Discovery,Discovery,,,
CTI-BERT,T1047,Windows Management Instrumentation,Execution,,,
SecureBERT,T1047,Windows Management Instrumentation,Execution,T1106,Native API,0.9696
BERT,T1047,Windows Management Instrumentation,Execution,,,
CTI-BERT,T1048,Exfiltration Over Alternative Protocol,Exfiltration,T1041,Exfiltration Over C2 Channel,0.9577
SecureBERT,T1048,Exfiltration Over Alternative Protocol,Exfiltration,T1041,Exfiltration Over C2 Channel,0.9814
BERT,T1048,Exfiltration Over Alternative Protocol,Exfiltration,T1041,Exfiltration Over C2 Channel,0.9612
CTI-BERT,T1049,System Network Connections Discovery,Discovery,,,
SecureBERT,T1049,System Network Connections Discovery,Discovery,T1046,Network Service Discovery,0.9689
BERT,T1049,System Network Connections Discovery,Discovery,,,
CTI-BERT,T1052,Exfiltration Over Physical Medium,Exfiltration,,,
SecureBERT,T1052,Exfiltration Over Physical Medium,Exfiltration,T1011,Exfiltration Over Other Network Medium,0.9684
BERT,T1052,Exfiltration Over Physical Medium,Exfiltration,,,
CTI-BERT,T1053,Scheduled Task/Job,"Execution, Persistence, Privilege Escalation",,,
SecureBERT,T1053,Scheduled Task/Job,"Execution, Persistence, Privilege Escalation",T1547,Boot or Logon Autostart Execution,0.98
BERT,T1053,Scheduled Task/Job,"Execution, Persistence, Privilege Escalation",T1547,Boot or Logon Autostart Execution,0.9505
CTI-BERT,T1055,Process Injection,"Privilege Escalation, Stealth",,,
SecureBERT,T1055,Process Injection,"Privilege Escalation, Stealth",T1134,Access Token Manipulation,0.973
BERT,T1055,Process Injection,"Privilege Escalation, Stealth",,,
CTI-BERT,T1056,Input Capture,"Collection, Credential Access",,,
SecureBERT,T1056,Input Capture,"Collection, Credential Access",T1557,Adversary-in-the-Middle,0.9734
BERT,T1056,Input Capture,"Collection, Credential Access",,,
CTI-BERT,T1057,Process Discovery,Discovery,T1518,Software Discovery,0.9713
SecureBERT,T1057,Process Discovery,Discovery,T1518,Software Discovery,0.9899
BERT,T1057,Process Discovery,Discovery,T1518,Software Discovery,0.9762
CTI-BERT,T1059,Command and Scripting Interpreter,Execution,,,
SecureBERT,T1059,Command and Scripting Interpreter,Execution,T1127,Trusted Developer Utilities Proxy Execution,0.9634
BERT,T1059,Command and Scripting Interpreter,Execution,,,
CTI-BERT,T1068,Exploitation for Privilege Escalation,Privilege Escalation,,,
SecureBERT,T1068,Exploitation for Privilege Escalation,Privilege Escalation,T1098,Account Manipulation,0.974
BERT,T1068,Exploitation for Privilege Escalation,Privilege Escalation,,,
CTI-BERT,T1069,Permission Groups Discovery,Discovery,,,
SecureBERT,T1069,Permission Groups Discovery,Discovery,T1087,Account Discovery,0.9613
BERT,T1069,Permission Groups Discovery,Discovery,,,
CTI-BERT,T1070,Indicator Removal,Stealth,,,
SecureBERT,T1070,Indicator Removal,Stealth,T1678,Delay Execution,0.9681
BERT,T1070,Indicator Removal,Stealth,,,
CTI-BERT,T1071,Application Layer Protocol,Command and Control,,,
SecureBERT,T1071,Application Layer Protocol,Command and Control,T1001,Data Obfuscation,0.9719
BERT,T1071,Application Layer Protocol,Command and Control,,,
CTI-BERT,T1072,Software Deployment Tools,"Execution, Lateral Movement",,,
SecureBERT,T1072,Software Deployment Tools,"Execution, Lateral Movement",T1610,Deploy Container,0.9685
BERT,T1072,Software Deployment Tools,"Execution, Lateral Movement",,,
CTI-BERT,T1074,Data Staged,Collection,,,
SecureBERT,T1074,Data Staged,Collection,T1039,Data from Network Shared Drive,0.9736
BERT,T1074,Data Staged,Collection,,,
CTI-BERT,T1078,Valid Accounts,"Initial Access, Persistence, Privilege Escalation, Stealth",,,
SecureBERT,T1078,Valid Accounts,"Initial Access, Persistence, Privilege Escalation, Stealth",T1098,Account Manipulation,0.976
BERT,T1078,Valid Accounts,"Initial Access, Persistence, Privilege Escalation, Stealth",T1098,Account Manipulation,0.9523
CTI-BERT,T1080,Taint Shared Content,Lateral Movement,,,
SecureBERT,T1080,Taint Shared Content,Lateral Movement,T1091,Replication Through Removable Media,0.9693
BERT,T1080,Taint Shared Content,Lateral Movement,,,
CTI-BERT,T1082,System Information Discovery,Discovery,T1518,Software Discovery,0.9658
SecureBERT,T1082,System Information Discovery,Discovery,T1518,Software Discovery,0.9869
BERT,T1082,System Information Discovery,Discovery,T1518,Software Discovery,0.9554
CTI-BERT,T1083,File and Directory Discovery,Discovery,T1518,Software Discovery,0.9704
SecureBERT,T1083,File and Directory Discovery,Discovery,T1057,Process Discovery,0.9881
BERT,T1083,File and Directory Discovery,Discovery,T1518,Software Discovery,0.9661
CTI-BERT,T1087,Account Discovery,Discovery,,,
SecureBERT,T1087,Account Discovery,Discovery,T1518,Software Discovery,0.9785
BERT,T1087,Account Discovery,Discovery,,,
CTI-BERT,T1090,Proxy,Command and Control,,,
SecureBERT,T1090,Proxy,Command and Control,T1568,Dynamic Resolution,0.9768
BERT,T1090,Proxy,Command and Control,,,
CTI-BERT,T1091,Replication Through Removable Media,"Initial Access, Lateral Movement",,,
SecureBERT,T1091,Replication Through Removable Media,"Initial Access, Lateral Movement",T1080,Taint Shared Content,0.9693
BERT,T1091,Replication Through Removable Media,"Initial Access, Lateral Movement",,,
CTI-BERT,T1092,Communication Through Removable Media,Command and Control,,,
SecureBERT,T1092,Communication Through Removable Media,Command and Control,T1105,Ingress Tool Transfer,0.9772
BERT,T1092,Communication Through Removable Media,Command and Control,,,
CTI-BERT,T1095,Non-Application Layer Protocol,Command and Control,,,
SecureBERT,T1095,Non-Application Layer Protocol,Command and Control,T1132,Data Encoding,0.9595
BERT,T1095,Non-Application Layer Protocol,Command and Control,,,
CTI-BERT,T1098,Account Manipulation,"Persistence, Privilege Escalation",,,
SecureBERT,T1098,Account Manipulation,"Persistence, Privilege Escalation",T1078,Valid Accounts,0.976
BERT,T1098,Account Manipulation,"Persistence, Privilege Escalation",T1078,Valid Accounts,0.9523
CTI-BERT,T1102,Web Service,Command and Control,,,
SecureBERT,T1102,Web Service,Command and Control,T1090,Proxy,0.9764
BERT,T1102,Web Service,Command and Control,,,
CTI-BERT,T1104,Multi-Stage Channels,Command and Control,,,
SecureBERT,T1104,Multi-Stage Channels,Command and Control,T1568,Dynamic Resolution,0.9702
BERT,T1104,Multi-Stage Channels,Command and Control,,,
CTI-BERT,T1105,Ingress Tool Transfer,Command and Control,,,
SecureBERT,T1105,Ingress Tool Transfer,Command and Control,T1659,Content Injection,0.9786
BERT,T1105,Ingress Tool Transfer,Command and Control,,,
CTI-BERT,T1106,Native API,Execution,,,
SecureBERT,T1106,Native API,Execution,T1129,Shared Modules,0.9726
BERT,T1106,Native API,Execution,,,
CTI-BERT,T1110,Brute Force,Credential Access,,,
SecureBERT,T1110,Brute Force,Credential Access,T1003,OS Credential Dumping,0.9703
BERT,T1110,Brute Force,Credential Access,,,
CTI-BERT,T1111,Multi-Factor Authentication Interception,Credential Access,,,
SecureBERT,T1111,Multi-Factor Authentication Interception,Credential Access,T1606,Forge Web Credentials,0.9725
BERT,T1111,Multi-Factor Authentication Interception,Credential Access,,,
CTI-BERT,T1112,Modify Registry,"Defense Impairment, Persistence",,,
SecureBERT,T1112,Modify Registry,"Defense Impairment, Persistence",T1136,Create Account,0.9537
BERT,T1112,Modify Registry,"Defense Impairment, Persistence",,,
CTI-BERT,T1113,Screen Capture,Collection,,,
SecureBERT,T1113,Screen Capture,Collection,T1119,Automated Collection,0.9721
BERT,T1113,Screen Capture,Collection,,,
CTI-BERT,T1114,Email Collection,Collection,T1213,Data from Information Repositories,0.9536
SecureBERT,T1114,Email Collection,Collection,T1213,Data from Information Repositories,0.9755
BERT,T1114,Email Collection,Collection,,,
CTI-BERT,T1115,Clipboard Data,Collection,,,
SecureBERT,T1115,Clipboard Data,Collection,T1530,Data from Cloud Storage,0.9532
BERT,T1115,Clipboard Data,Collection,,,
CTI-BERT,T1119,Automated Collection,Collection,,,
SecureBERT,T1119,Automated Collection,Collection,T1113,Screen Capture,0.9721
BERT,T1119,Automated Collection,Collection,,,
CTI-BERT,T1120,Peripheral Device Discovery,Discovery,,,
SecureBERT,T1120,Peripheral Device Discovery,Discovery,T1046,Network Service Discovery,0.9696
BERT,T1120,Peripheral Device Discovery,Discovery,,,
CTI-BERT,T1123,Audio Capture,Collection,T1125,Video Capture,0.9686
SecureBERT,T1123,Audio Capture,Collection,T1125,Video Capture,0.9815
BERT,T1123,Audio Capture,Collection,T1125,Video Capture,0.9629
CTI-BERT,T1124,System Time Discovery,Discovery,,,
SecureBERT,T1124,System Time Discovery,Discovery,T1615,Group Policy Discovery,0.9584
BERT,T1124,System Time Discovery,Discovery,,,
CTI-BERT,T1125,Video Capture,Collection,T1123,Audio Capture,0.9686
SecureBERT,T1125,Video Capture,Collection,T1123,Audio Capture,0.9815
BERT,T1125,Video Capture,Collection,T1123,Audio Capture,0.9629
CTI-BERT,T1127,Trusted Developer Utilities Proxy Execution,"Execution, Stealth",T1216,System Script Proxy Execution,0.9577
SecureBERT,T1127,Trusted Developer Utilities Proxy Execution,"Execution, Stealth",T1216,System Script Proxy Execution,0.982
BERT,T1127,Trusted Developer Utilities Proxy Execution,"Execution, Stealth",T1216,System Script Proxy Execution,0.9511
CTI-BERT,T1129,Shared Modules,Execution,,,
SecureBERT,T1129,Shared Modules,Execution,T1106,Native API,0.9726
BERT,T1129,Shared Modules,Execution,,,
CTI-BERT,T1132,Data Encoding,Command and Control,,,
SecureBERT,T1132,Data Encoding,Command and Control,T1001,Data Obfuscation,0.9712
BERT,T1132,Data Encoding,Command and Control,,,
CTI-BERT,T1133,External Remote Services,"Initial Access, Persistence",,,
SecureBERT,T1133,External Remote Services,"Initial Access, Persistence",T1078,Valid Accounts,0.9707
BERT,T1133,External Remote Services,"Initial Access, Persistence",,,
CTI-BERT,T1134,Access Token Manipulation,"Privilege Escalation, Stealth",,,
SecureBERT,T1134,Access Token Manipulation,"Privilege Escalation, Stealth",T1055,Process Injection,0.973
BERT,T1134,Access Token Manipulation,"Privilege Escalation, Stealth",,,
CTI-BERT,T1135,Network Share Discovery,Discovery,,,
SecureBERT,T1135,Network Share Discovery,Discovery,T1083,File and Directory Discovery,0.9708
BERT,T1135,Network Share Discovery,Discovery,,,
CTI-BERT,T1136,Create Account,Persistence,,,
SecureBERT,T1136,Create Account,Persistence,T1098,Account Manipulation,0.97
BERT,T1136,Create Account,Persistence,,,
CTI-BERT,T1137,Office Application Startup,Persistence,,,
SecureBERT,T1137,Office Application Startup,Persistence,T1053,Scheduled Task/Job,0.9661
BERT,T1137,Office Application Startup,Persistence,,,
CTI-BERT,T1140,Deobfuscate/Decode Files or Information,Stealth,,,
SecureBERT,T1140,Deobfuscate/Decode Files or Information,Stealth,T1027,Obfuscated Files or Information,0.972
BERT,T1140,Deobfuscate/Decode Files or Information,Stealth,,,
CTI-BERT,T1176,Software Extensions,Persistence,,,
SecureBERT,T1176,Software Extensions,Persistence,T1505,Server Software Component,0.9774
BERT,T1176,Software Extensions,Persistence,,,
CTI-BERT,T1185,Browser Session Hijacking,Collection,,,
SecureBERT,T1185,Browser Session Hijacking,Collection,T1557,Adversary-in-the-Middle,0.963
BERT,T1185,Browser Session Hijacking,Collection,,,
CTI-BERT,T1187,Forced Authentication,Credential Access,,,
SecureBERT,T1187,Forced Authentication,Credential Access,T1621,Multi-Factor Authentication Request Generation,0.9581
BERT,T1187,Forced Authentication,Credential Access,,,
CTI-BERT,T1189,Drive-by Compromise,Initial Access,,,
SecureBERT,T1189,Drive-by Compromise,Initial Access,T1659,Content Injection,0.9628
BERT,T1189,Drive-by Compromise,Initial Access,,,
CTI-BERT,T1190,Exploit Public-Facing Application,Initial Access,,,
SecureBERT,T1190,Exploit Public-Facing Application,Initial Access,T1189,Drive-by Compromise,0.9608
BERT,T1190,Exploit Public-Facing Application,Initial Access,,,
CTI-BERT,T1195,Supply Chain Compromise,Initial Access,,,
SecureBERT,T1195,Supply Chain Compromise,Initial Access,T1199,Trusted Relationship,0.9564
BERT,T1195,Supply Chain Compromise,Initial Access,,,
CTI-BERT,T1197,BITS Jobs,"Execution, Persistence, Stealth",,,
SecureBERT,T1197,BITS Jobs,"Execution, Persistence, Stealth",T1106,Native API,0.9676
BERT,T1197,BITS Jobs,"Execution, Persistence, Stealth",,,
CTI-BERT,T1199,Trusted Relationship,Initial Access,,,
SecureBERT,T1199,Trusted Relationship,Initial Access,T1078,Valid Accounts,0.9644
BERT,T1199,Trusted Relationship,Initial Access,,,
CTI-BERT,T1200,Hardware Additions,Initial Access,,,
SecureBERT,T1200,Hardware Additions,Initial Access,T1659,Content Injection,0.9709
BERT,T1200,Hardware Additions,Initial Access,,,
CTI-BERT,T1201,Password Policy Discovery,Discovery,,,
SecureBERT,T1201,Password Policy Discovery,Discovery,T1033,System Owner/User Discovery,0.969
BERT,T1201,Password Policy Discovery,Discovery,,,
CTI-BERT,T1202,Indirect Command Execution,Stealth,,,
SecureBERT,T1202,Indirect Command Execution,Stealth,T1197,BITS Jobs,0.9572
BERT,T1202,Indirect Command Execution,Stealth,,,
CTI-BERT,T1203,Exploitation for Client Execution,Execution,,,
SecureBERT,T1203,Exploitation for Client Execution,Execution,T1127,Trusted Developer Utilities Proxy Execution,0.9784
BERT,T1203,Exploitation for Client Execution,Execution,,,
CTI-BERT,T1204,User Execution,Execution,,,
SecureBERT,T1204,User Execution,Execution,T1674,Input Injection,0.9685
BERT,T1204,User Execution,Execution,,,
CTI-BERT,T1205,Traffic Signaling,"Command and Control, Persistence, Stealth",,,
SecureBERT,T1205,Traffic Signaling,"Command and Control, Persistence, Stealth",T1090,Proxy,0.9682
BERT,T1205,Traffic Signaling,"Command and Control, Persistence, Stealth",,,
CTI-BERT,T1207,Rogue Domain Controller,Defense Impairment,,,
SecureBERT,T1207,Rogue Domain Controller,Defense Impairment,T1556,Modify Authentication Process,0.9695
BERT,T1207,Rogue Domain Controller,Defense Impairment,,,
CTI-BERT,T1210,Exploitation of Remote Services,Lateral Movement,,,
SecureBERT,T1210,Exploitation of Remote Services,Lateral Movement,T1563,Remote Service Session Hijacking,0.9678
BERT,T1210,Exploitation of Remote Services,Lateral Movement,,,
CTI-BERT,T1211,Exploitation for Stealth,Stealth,,,
SecureBERT,T1211,Exploitation for Stealth,Stealth,T1678,Delay Execution,0.9693
BERT,T1211,Exploitation for Stealth,Stealth,,,
CTI-BERT,T1212,Exploitation for Credential Access,Credential Access,,,
SecureBERT,T1212,Exploitation for Credential Access,Credential Access,,,
BERT,T1212,Exploitation for Credential Access,Credential Access,,,
CTI-BERT,T1213,Data from Information Repositories,Collection,T1114,Email Collection,0.9536
SecureBERT,T1213,Data from Information Repositories,Collection,T1114,Email Collection,0.9755
BERT,T1213,Data from Information Repositories,Collection,,,
CTI-BERT,T1216,System Script Proxy Execution,Stealth,T1218,System Binary Proxy Execution,0.963
SecureBERT,T1216,System Script Proxy Execution,Stealth,T1218,System Binary Proxy Execution,0.9866
BERT,T1216,System Script Proxy Execution,Stealth,T1218,System Binary Proxy Execution,0.964
CTI-BERT,T1217,Browser Information Discovery,Discovery,,,
SecureBERT,T1217,Browser Information Discovery,Discovery,T1120,Peripheral Device Discovery,0.9651
BERT,T1217,Browser Information Discovery,Discovery,,,
CTI-BERT,T1218,System Binary Proxy Execution,Stealth,T1216,System Script Proxy Execution,0.963
SecureBERT,T1218,System Binary Proxy Execution,Stealth,T1216,System Script Proxy Execution,0.9866
BERT,T1218,System Binary Proxy Execution,Stealth,T1216,System Script Proxy Execution,0.964
CTI-BERT,T1219,Remote Access Tools,Command and Control,,,
SecureBERT,T1219,Remote Access Tools,Command and Control,T1090,Proxy,0.9723
BERT,T1219,Remote Access Tools,Command and Control,,,
CTI-BERT,T1220,XSL Script Processing,Stealth,,,
SecureBERT,T1220,XSL Script Processing,Stealth,T1221,Template Injection,0.9713
BERT,T1220,XSL Script Processing,Stealth,,,
CTI-BERT,T1221,Template Injection,Stealth,,,
SecureBERT,T1221,Template Injection,Stealth,T1220,XSL Script Processing,0.9713
BERT,T1221,Template Injection,Stealth,,,
CTI-BERT,T1222,File and Directory Permissions Modification,Defense Impairment,,,
SecureBERT,T1222,File and Directory Permissions Modification,Defense Impairment,T1686,Disable or Modify System Firewall,0.9652
BERT,T1222,File and Directory Permissions Modification,Defense Impairment,,,
CTI-BERT,T1480,Execution Guardrails,Stealth,,,
SecureBERT,T1480,Execution Guardrails,Stealth,T1078,Valid Accounts,0.9736
BERT,T1480,Execution Guardrails,Stealth,,,
CTI-BERT,T1482,Domain Trust Discovery,Discovery,,,
SecureBERT,T1482,Domain Trust Discovery,Discovery,T1033,System Owner/User Discovery,0.9737
BERT,T1482,Domain Trust Discovery,Discovery,,,
CTI-BERT,T1484,Domain or Tenant Policy Modification,"Defense Impairment, Privilege Escalation",,,
SecureBERT,T1484,Domain or Tenant Policy Modification,"Defense Impairment, Privilege Escalation",T1098,Account Manipulation,0.9731
BERT,T1484,Domain or Tenant Policy Modification,"Defense Impairment, Privilege Escalation",,,
CTI-BERT,T1485,Data Destruction,Impact,,,
SecureBERT,T1485,Data Destruction,Impact,T1561,Disk Wipe,0.9768
BERT,T1485,Data Destruction,Impact,,,
CTI-BERT,T1486,Data Encrypted for Impact,Impact,,,
SecureBERT,T1486,Data Encrypted for Impact,Impact,T1485,Data Destruction,0.9743
BERT,T1486,Data Encrypted for Impact,Impact,,,
CTI-BERT,T1489,Service Stop,Impact,,,
SecureBERT,T1489,Service Stop,Impact,T1565,Data Manipulation,0.9696
BERT,T1489,Service Stop,Impact,,,
CTI-BERT,T1490,Inhibit System Recovery,Impact,,,
SecureBERT,T1490,Inhibit System Recovery,Impact,T1486,Data Encrypted for Impact,0.9667
BERT,T1490,Inhibit System Recovery,Impact,,,
CTI-BERT,T1491,Defacement,Impact,,,
SecureBERT,T1491,Defacement,Impact,T1531,Account Access Removal,0.9676
BERT,T1491,Defacement,Impact,,,
CTI-BERT,T1495,Firmware Corruption,Impact,,,
SecureBERT,T1495,Firmware Corruption,Impact,T1486,Data Encrypted for Impact,0.9719
BERT,T1495,Firmware Corruption,Impact,,,
CTI-BERT,T1496,Resource Hijacking,Impact,,,
SecureBERT,T1496,Resource Hijacking,Impact,T1531,Account Access Removal,0.9583
BERT,T1496,Resource Hijacking,Impact,,,
CTI-BERT,T1497,Virtualization/Sandbox Evasion,"Discovery, Stealth",,,
SecureBERT,T1497,Virtualization/Sandbox Evasion,"Discovery, Stealth",T1057,Process Discovery,0.9733
BERT,T1497,Virtualization/Sandbox Evasion,"Discovery, Stealth",,,
CTI-BERT,T1498,Network Denial of Service,Impact,T1499,Endpoint Denial of Service,0.987
SecureBERT,T1498,Network Denial of Service,Impact,T1499,Endpoint Denial of Service,0.9937
BERT,T1498,Network Denial of Service,Impact,T1499,Endpoint Denial of Service,0.987
CTI-BERT,T1499,Endpoint Denial of Service,Impact,T1498,Network Denial of Service,0.987
SecureBERT,T1499,Endpoint Denial of Service,Impact,T1498,Network Denial of Service,0.9937
BERT,T1499,Endpoint Denial of Service,Impact,T1498,Network Denial of Service,0.987
CTI-BERT,T1505,Server Software Component,Persistence,,,
SecureBERT,T1505,Server Software Component,Persistence,T1176,Software Extensions,0.9774
BERT,T1505,Server Software Component,Persistence,,,
CTI-BERT,T1518,Software Discovery,Discovery,T1614,System Location Discovery,0.9737
SecureBERT,T1518,Software Discovery,Discovery,T1057,Process Discovery,0.9899
BERT,T1518,Software Discovery,Discovery,T1057,Process Discovery,0.9762
CTI-BERT,T1525,Implant Internal Image,Persistence,,,
SecureBERT,T1525,Implant Internal Image,Persistence,T1556,Modify Authentication Process,0.9662
BERT,T1525,Implant Internal Image,Persistence,,,
CTI-BERT,T1526,Cloud Service Discovery,Discovery,,,
SecureBERT,T1526,Cloud Service Discovery,Discovery,T1580,Cloud Infrastructure Discovery,0.9693
BERT,T1526,Cloud Service Discovery,Discovery,,,
CTI-BERT,T1528,Steal Application Access Token,Credential Access,,,
SecureBERT,T1528,Steal Application Access Token,Credential Access,T1606,Forge Web Credentials,0.9698
BERT,T1528,Steal Application Access Token,Credential Access,,,
CTI-BERT,T1529,System Shutdown/Reboot,Impact,,,
SecureBERT,T1529,System Shutdown/Reboot,Impact,T1531,Account Access Removal,0.974
BERT,T1529,System Shutdown/Reboot,Impact,,,
CTI-BERT,T1530,Data from Cloud Storage,Collection,,,
SecureBERT,T1530,Data from Cloud Storage,Collection,T1115,Clipboard Data,0.9532
BERT,T1530,Data from Cloud Storage,Collection,,,
CTI-BERT,T1531,Account Access Removal,Impact,,,
SecureBERT,T1531,Account Access Removal,Impact,T1529,System Shutdown/Reboot,0.974
BERT,T1531,Account Access Removal,Impact,,,
CTI-BERT,T1534,Internal Spearphishing,Lateral Movement,,,
SecureBERT,T1534,Internal Spearphishing,Lateral Movement,T1091,Replication Through Removable Media,0.9681
BERT,T1534,Internal Spearphishing,Lateral Movement,,,
CTI-BERT,T1535,Unused/Unsupported Cloud Regions,Stealth,,,
SecureBERT,T1535,Unused/Unsupported Cloud Regions,Stealth,T1211,Exploitation for Stealth,0.9665
BERT,T1535,Unused/Unsupported Cloud Regions,Stealth,,,
CTI-BERT,T1537,Transfer Data to Cloud Account,Exfiltration,,,
SecureBERT,T1537,Transfer Data to Cloud Account,Exfiltration,T1020,Automated Exfiltration,0.9694
BERT,T1537,Transfer Data to Cloud Account,Exfiltration,,,
CTI-BERT,T1538,Cloud Service Dashboard,Discovery,,,
SecureBERT,T1538,Cloud Service Dashboard,Discovery,T1087,Account Discovery,0.9708
BERT,T1538,Cloud Service Dashboard,Discovery,,,
CTI-BERT,T1539,Steal Web Session Cookie,Credential Access,,,
SecureBERT,T1539,Steal Web Session Cookie,Credential Access,T1606,Forge Web Credentials,0.9803
BERT,T1539,Steal Web Session Cookie,Credential Access,,,
CTI-BERT,T1542,Pre-OS Boot,"Persistence, Stealth",,,
SecureBERT,T1542,Pre-OS Boot,"Persistence, Stealth",T1543,Create or Modify System Process,0.9648
BERT,T1542,Pre-OS Boot,"Persistence, Stealth",,,
CTI-BERT,T1543,Create or Modify System Process,"Persistence, Privilege Escalation",,,
SecureBERT,T1543,Create or Modify System Process,"Persistence, Privilege Escalation",T1037,Boot or Logon Initialization Scripts,0.9703
BERT,T1543,Create or Modify System Process,"Persistence, Privilege Escalation",,,
CTI-BERT,T1546,Event Triggered Execution,"Persistence, Privilege Escalation",,,
SecureBERT,T1546,Event Triggered Execution,"Persistence, Privilege Escalation",T1037,Boot or Logon Initialization Scripts,0.9736
BERT,T1546,Event Triggered Execution,"Persistence, Privilege Escalation",T1547,Boot or Logon Autostart Execution,0.9514
CTI-BERT,T1547,Boot or Logon Autostart Execution,"Persistence, Privilege Escalation",,,
SecureBERT,T1547,Boot or Logon Autostart Execution,"Persistence, Privilege Escalation",T1053,Scheduled Task/Job,0.98
BERT,T1547,Boot or Logon Autostart Execution,"Persistence, Privilege Escalation",T1546,Event Triggered Execution,0.9514
CTI-BERT,T1548,Abuse Elevation Control Mechanism,Privilege Escalation,,,
SecureBERT,T1548,Abuse Elevation Control Mechanism,Privilege Escalation,T1068,Exploitation for Privilege Escalation,0.9733
BERT,T1548,Abuse Elevation Control Mechanism,Privilege Escalation,,,
CTI-BERT,T1550,Use Alternate Authentication Material,Lateral Movement,,,
SecureBERT,T1550,Use Alternate Authentication Material,Lateral Movement,T1021,Remote Services,0.9622
BERT,T1550,Use Alternate Authentication Material,Lateral Movement,,,
CTI-BERT,T1552,Unsecured Credentials,Credential Access,,,
SecureBERT,T1552,Unsecured Credentials,Credential Access,T1003,OS Credential Dumping,0.9673
BERT,T1552,Unsecured Credentials,Credential Access,,,
CTI-BERT,T1553,Subvert Trust Controls,Defense Impairment,,,
SecureBERT,T1553,Subvert Trust Controls,Defense Impairment,T1686,Disable or Modify System Firewall,0.9569
BERT,T1553,Subvert Trust Controls,Defense Impairment,,,
CTI-BERT,T1554,Compromise Host Software Binary,Persistence,,,
SecureBERT,T1554,Compromise Host Software Binary,Persistence,T1176,Software Extensions,0.9736
BERT,T1554,Compromise Host Software Binary,Persistence,,,
CTI-BERT,T1555,Credentials from Password Stores,Credential Access,,,
SecureBERT,T1555,Credentials from Password Stores,Credential Access,T1606,Forge Web Credentials,0.9732
BERT,T1555,Credentials from Password Stores,Credential Access,,,
CTI-BERT,T1556,Modify Authentication Process,"Credential Access, Defense Impairment, Persistence",,,
SecureBERT,T1556,Modify Authentication Process,"Credential Access, Defense Impairment, Persistence",T1558,Steal or Forge Kerberos Tickets,0.9782
BERT,T1556,Modify Authentication Process,"Credential Access, Defense Impairment, Persistence",,,
CTI-BERT,T1557,Adversary-in-the-Middle,"Collection, Credential Access",,,
SecureBERT,T1557,Adversary-in-the-Middle,"Collection, Credential Access",T1056,Input Capture,0.9734
BERT,T1557,Adversary-in-the-Middle,"Collection, Credential Access",T1040,Network Sniffing,0.9538
CTI-BERT,T1558,Steal or Forge Kerberos Tickets,Credential Access,,,
SecureBERT,T1558,Steal or Forge Kerberos Tickets,Credential Access,T1556,Modify Authentication Process,0.9782
BERT,T1558,Steal or Forge Kerberos Tickets,Credential Access,,,
CTI-BERT,T1559,Inter-Process Communication,Execution,,,
SecureBERT,T1559,Inter-Process Communication,Execution,T1569,System Services,0.9634
BERT,T1559,Inter-Process Communication,Execution,,,
CTI-BERT,T1560,Archive Collected Data,Collection,,,
SecureBERT,T1560,Archive Collected Data,Collection,T1114,Email Collection,0.9613
BERT,T1560,Archive Collected Data,Collection,,,
CTI-BERT,T1561,Disk Wipe,Impact,,,
SecureBERT,T1561,Disk Wipe,Impact,T1485,Data Destruction,0.9768
BERT,T1561,Disk Wipe,Impact,,,
CTI-BERT,T1563,Remote Service Session Hijacking,Lateral Movement,,,
SecureBERT,T1563,Remote Service Session Hijacking,Lateral Movement,T1021,Remote Services,0.9699
BERT,T1563,Remote Service Session Hijacking,Lateral Movement,,,
CTI-BERT,T1564,Hide Artifacts,Stealth,,,
SecureBERT,T1564,Hide Artifacts,Stealth,T1036,Masquerading,0.9751
BERT,T1564,Hide Artifacts,Stealth,,,
CTI-BERT,T1565,Data Manipulation,Impact,,,
SecureBERT,T1565,Data Manipulation,Impact,T1489,Service Stop,0.9696
BERT,T1565,Data Manipulation,Impact,,,
CTI-BERT,T1566,Phishing,Initial Access,,,
SecureBERT,T1566,Phishing,Initial Access,T1659,Content Injection,0.9628
BERT,T1566,Phishing,Initial Access,,,
CTI-BERT,T1567,Exfiltration Over Web Service,Exfiltration,,,
SecureBERT,T1567,Exfiltration Over Web Service,Exfiltration,T1052,Exfiltration Over Physical Medium,0.9616
BERT,T1567,Exfiltration Over Web Service,Exfiltration,,,
CTI-BERT,T1568,Dynamic Resolution,Command and Control,,,
SecureBERT,T1568,Dynamic Resolution,Command and Control,T1090,Proxy,0.9768
BERT,T1568,Dynamic Resolution,Command and Control,,,
CTI-BERT,T1569,System Services,Execution,,,
SecureBERT,T1569,System Services,Execution,T1574,Hijack Execution Flow,0.9789
BERT,T1569,System Services,Execution,,,
CTI-BERT,T1570,Lateral Tool Transfer,Lateral Movement,,,
SecureBERT,T1570,Lateral Tool Transfer,Lateral Movement,T1080,Taint Shared Content,0.968
BERT,T1570,Lateral Tool Transfer,Lateral Movement,,,
CTI-BERT,T1571,Non-Standard Port,Command and Control,,,
SecureBERT,T1571,Non-Standard Port,Command and Control,T1071,Application Layer Protocol,0.965
BERT,T1571,Non-Standard Port,Command and Control,,,
CTI-BERT,T1572,Protocol Tunneling,Command and Control,,,
SecureBERT,T1572,Protocol Tunneling,Command and Control,T1090,Proxy,0.9737
BERT,T1572,Protocol Tunneling,Command and Control,,,
CTI-BERT,T1573,Encrypted Channel,Command and Control,,,
SecureBERT,T1573,Encrypted Channel,Command and Control,T1568,Dynamic Resolution,0.9671
BERT,T1573,Encrypted Channel,Command and Control,,,
CTI-BERT,T1574,Hijack Execution Flow,"Execution, Stealth",,,
SecureBERT,T1574,Hijack Execution Flow,"Execution, Stealth",T1569,System Services,0.9789
BERT,T1574,Hijack Execution Flow,"Execution, Stealth",,,
CTI-BERT,T1578,Modify Cloud Compute Infrastructure,Defense Impairment,,,
SecureBERT,T1578,Modify Cloud Compute Infrastructure,Defense Impairment,T1484,Domain or Tenant Policy Modification,0.9655
BERT,T1578,Modify Cloud Compute Infrastructure,Defense Impairment,,,
CTI-BERT,T1580,Cloud Infrastructure Discovery,Discovery,,,
SecureBERT,T1580,Cloud Infrastructure Discovery,Discovery,T1526,Cloud Service Discovery,0.9693
BERT,T1580,Cloud Infrastructure Discovery,Discovery,,,
CTI-BERT,T1583,Acquire Infrastructure,Resource Development,T1584,Compromise Infrastructure,0.9576
SecureBERT,T1583,Acquire Infrastructure,Resource Development,T1584,Compromise Infrastructure,0.9823
BERT,T1583,Acquire Infrastructure,Resource Development,,,
CTI-BERT,T1584,Compromise Infrastructure,Resource Development,T1583,Acquire Infrastructure,0.9576
SecureBERT,T1584,Compromise Infrastructure,Resource Development,T1583,Acquire Infrastructure,0.9823
BERT,T1584,Compromise Infrastructure,Resource Development,,,
CTI-BERT,T1585,Establish Accounts,Resource Development,,,
SecureBERT,T1585,Establish Accounts,Resource Development,T1586,Compromise Accounts,0.978
BERT,T1585,Establish Accounts,Resource Development,,,
CTI-BERT,T1586,Compromise Accounts,Resource Development,,,
SecureBERT,T1586,Compromise Accounts,Resource Development,T1585,Establish Accounts,0.978
BERT,T1586,Compromise Accounts,Resource Development,,,
CTI-BERT,T1587,Develop Capabilities,Resource Development,T1588,Obtain Capabilities,0.973
SecureBERT,T1587,Develop Capabilities,Resource Development,T1588,Obtain Capabilities,0.9851
BERT,T1587,Develop Capabilities,Resource Development,T1588,Obtain Capabilities,0.9761
CTI-BERT,T1588,Obtain Capabilities,Resource Development,T1587,Develop Capabilities,0.973
SecureBERT,T1588,Obtain Capabilities,Resource Development,T1587,Develop Capabilities,0.9851
BERT,T1588,Obtain Capabilities,Resource Development,T1587,Develop Capabilities,0.9761
CTI-BERT,T1589,Gather Victim Identity Information,Reconnaissance,T1592,Gather Victim Host Information,0.952
SecureBERT,T1589,Gather Victim Identity Information,Reconnaissance,T1590,Gather Victim Network Information,0.9842
BERT,T1589,Gather Victim Identity Information,Reconnaissance,T1590,Gather Victim Network Information,0.9531
CTI-BERT,T1590,Gather Victim Network Information,Reconnaissance,T1592,Gather Victim Host Information,0.9773
SecureBERT,T1590,Gather Victim Network Information,Reconnaissance,T1592,Gather Victim Host Information,0.9892
BERT,T1590,Gather Victim Network Information,Reconnaissance,T1592,Gather Victim Host Information,0.9736
CTI-BERT,T1591,Gather Victim Org Information,Reconnaissance,T1590,Gather Victim Network Information,0.9652
SecureBERT,T1591,Gather Victim Org Information,Reconnaissance,T1590,Gather Victim Network Information,0.9837
BERT,T1591,Gather Victim Org Information,Reconnaissance,T1590,Gather Victim Network Information,0.961
CTI-BERT,T1592,Gather Victim Host Information,Reconnaissance,T1590,Gather Victim Network Information,0.9773
SecureBERT,T1592,Gather Victim Host Information,Reconnaissance,T1590,Gather Victim Network Information,0.9892
BERT,T1592,Gather Victim Host Information,Reconnaissance,T1590,Gather Victim Network Information,0.9736
CTI-BERT,T1593,Search Open Websites/Domains,Reconnaissance,T1596,Search Open Technical Databases,0.964
SecureBERT,T1593,Search Open Websites/Domains,Reconnaissance,T1596,Search Open Technical Databases,0.9857
BERT,T1593,Search Open Websites/Domains,Reconnaissance,,,
CTI-BERT,T1594,Search Victim-Owned Websites,Reconnaissance,T1591,Gather Victim Org Information,0.9615
SecureBERT,T1594,Search Victim-Owned Websites,Reconnaissance,T1591,Gather Victim Org Information,0.9822
BERT,T1594,Search Victim-Owned Websites,Reconnaissance,,,
CTI-BERT,T1595,Active Scanning,Reconnaissance,,,
SecureBERT,T1595,Active Scanning,Reconnaissance,T1598,Phishing for Information,0.9605
BERT,T1595,Active Scanning,Reconnaissance,,,
CTI-BERT,T1596,Search Open Technical Databases,Reconnaissance,T1593,Search Open Websites/Domains,0.964
SecureBERT,T1596,Search Open Technical Databases,Reconnaissance,T1593,Search Open Websites/Domains,0.9857
BERT,T1596,Search Open Technical Databases,Reconnaissance,,,
CTI-BERT,T1597,Search Closed Sources,Reconnaissance,,,
SecureBERT,T1597,Search Closed Sources,Reconnaissance,T1596,Search Open Technical Databases,0.9747
BERT,T1597,Search Closed Sources,Reconnaissance,,,
CTI-BERT,T1598,Phishing for Information,Reconnaissance,,,
SecureBERT,T1598,Phishing for Information,Reconnaissance,T1589,Gather Victim Identity Information,0.9648
BERT,T1598,Phishing for Information,Reconnaissance,,,
CTI-BERT,T1599,Network Boundary Bridging,Defense Impairment,,,
SecureBERT,T1599,Network Boundary Bridging,Defense Impairment,T1600,Weaken Encryption,0.9687
BERT,T1599,Network Boundary Bridging,Defense Impairment,,,
CTI-BERT,T1600,Weaken Encryption,Defense Impairment,,,
SecureBERT,T1600,Weaken Encryption,Defense Impairment,T1599,Network Boundary Bridging,0.9687
BERT,T1600,Weaken Encryption,Defense Impairment,,,
CTI-BERT,T1601,Modify System Image,Defense Impairment,,,
SecureBERT,T1601,Modify System Image,Defense Impairment,T1689,Downgrade Attack,0.9638
BERT,T1601,Modify System Image,Defense Impairment,,,
CTI-BERT,T1602,Data from Configuration Repository,Collection,,,
SecureBERT,T1602,Data from Configuration Repository,Collection,T1213,Data from Information Repositories,0.9626
BERT,T1602,Data from Configuration Repository,Collection,,,
CTI-BERT,T1606,Forge Web Credentials,Credential Access,,,
SecureBERT,T1606,Forge Web Credentials,Credential Access,T1539,Steal Web Session Cookie,0.9803
BERT,T1606,Forge Web Credentials,Credential Access,,,
CTI-BERT,T1608,Stage Capabilities,Resource Development,,,
SecureBERT,T1608,Stage Capabilities,Resource Development,T1584,Compromise Infrastructure,0.9721
BERT,T1608,Stage Capabilities,Resource Development,,,
CTI-BERT,T1609,Container Administration Command,Execution,,,
SecureBERT,T1609,Container Administration Command,Execution,T1651,Cloud Administration Command,0.9714
BERT,T1609,Container Administration Command,Execution,,,
CTI-BERT,T1610,Deploy Container,Execution,,,
SecureBERT,T1610,Deploy Container,Execution,T1127,Trusted Developer Utilities Proxy Execution,0.9699
BERT,T1610,Deploy Container,Execution,,,
CTI-BERT,T1611,Escape to Host,Privilege Escalation,,,
SecureBERT,T1611,Escape to Host,Privilege Escalation,T1484,Domain or Tenant Policy Modification,0.966
BERT,T1611,Escape to Host,Privilege Escalation,,,
CTI-BERT,T1612,Build Image on Host,Stealth,,,
SecureBERT,T1612,Build Image on Host,Stealth,T1620,Reflective Code Loading,0.9558
BERT,T1612,Build Image on Host,Stealth,,,
CTI-BERT,T1613,Container and Resource Discovery,Discovery,,,
SecureBERT,T1613,Container and Resource Discovery,Discovery,T1580,Cloud Infrastructure Discovery,0.9675
BERT,T1613,Container and Resource Discovery,Discovery,,,
CTI-BERT,T1614,System Location Discovery,Discovery,T1518,Software Discovery,0.9737
SecureBERT,T1614,System Location Discovery,Discovery,T1518,Software Discovery,0.9869
BERT,T1614,System Location Discovery,Discovery,T1518,Software Discovery,0.9623
CTI-BERT,T1615,Group Policy Discovery,Discovery,,,
SecureBERT,T1615,Group Policy Discovery,Discovery,T1482,Domain Trust Discovery,0.9733
BERT,T1615,Group Policy Discovery,Discovery,,,
CTI-BERT,T1619,Cloud Storage Object Discovery,Discovery,T1083,File and Directory Discovery,0.9502
SecureBERT,T1619,Cloud Storage Object Discovery,Discovery,T1083,File and Directory Discovery,0.9768
BERT,T1619,Cloud Storage Object Discovery,Discovery,,,
CTI-BERT,T1620,Reflective Code Loading,Stealth,,,
SecureBERT,T1620,Reflective Code Loading,Stealth,T1679,Selective Exclusion,0.9639
BERT,T1620,Reflective Code Loading,Stealth,,,
CTI-BERT,T1621,Multi-Factor Authentication Request Generation,Credential Access,,,
SecureBERT,T1621,Multi-Factor Authentication Request Generation,Credential Access,T1528,Steal Application Access Token,0.9639
BERT,T1621,Multi-Factor Authentication Request Generation,Credential Access,,,
CTI-BERT,T1622,Debugger Evasion,"Discovery, Stealth",,,
SecureBERT,T1622,Debugger Evasion,"Discovery, Stealth",T1574,Hijack Execution Flow,0.9647
BERT,T1622,Debugger Evasion,"Discovery, Stealth",,,
CTI-BERT,T1647,Plist File Modification,Defense Impairment,,,
SecureBERT,T1647,Plist File Modification,Defense Impairment,T1556,Modify Authentication Process,0.9628
BERT,T1647,Plist File Modification,Defense Impairment,,,
CTI-BERT,T1648,Serverless Execution,Execution,,,
SecureBERT,T1648,Serverless Execution,Execution,T1072,Software Deployment Tools,0.9667
BERT,T1648,Serverless Execution,Execution,,,
CTI-BERT,T1649,Steal or Forge Authentication Certificates,Credential Access,,,
SecureBERT,T1649,Steal or Forge Authentication Certificates,Credential Access,T1606,Forge Web Credentials,0.9744
BERT,T1649,Steal or Forge Authentication Certificates,Credential Access,,,
CTI-BERT,T1650,Acquire Access,Resource Development,,,
SecureBERT,T1650,Acquire Access,Resource Development,T1584,Compromise Infrastructure,0.9704
BERT,T1650,Acquire Access,Resource Development,,,
CTI-BERT,T1651,Cloud Administration Command,Execution,,,
SecureBERT,T1651,Cloud Administration Command,Execution,T1609,Container Administration Command,0.9714
BERT,T1651,Cloud Administration Command,Execution,,,
CTI-BERT,T1652,Device Driver Discovery,Discovery,,,
SecureBERT,T1652,Device Driver Discovery,Discovery,T1082,System Information Discovery,0.9718
BERT,T1652,Device Driver Discovery,Discovery,,,
CTI-BERT,T1653,Power Settings,Persistence,,,
SecureBERT,T1653,Power Settings,Persistence,T1037,Boot or Logon Initialization Scripts,0.9655
BERT,T1653,Power Settings,Persistence,,,
CTI-BERT,T1654,Log Enumeration,Discovery,,,
SecureBERT,T1654,Log Enumeration,Discovery,T1083,File and Directory Discovery,0.9726
BERT,T1654,Log Enumeration,Discovery,,,
CTI-BERT,T1657,Financial Theft,Impact,,,
SecureBERT,T1657,Financial Theft,Impact,T1498,Network Denial of Service,0.965
BERT,T1657,Financial Theft,Impact,,,
CTI-BERT,T1659,Content Injection,"Command and Control, Initial Access",,,
SecureBERT,T1659,Content Injection,"Command and Control, Initial Access",T1105,Ingress Tool Transfer,0.9786
BERT,T1659,Content Injection,"Command and Control, Initial Access",,,
CTI-BERT,T1665,Hide Infrastructure,Command and Control,,,
SecureBERT,T1665,Hide Infrastructure,Command and Control,T1568,Dynamic Resolution,0.9762
BERT,T1665,Hide Infrastructure,Command and Control,,,
CTI-BERT,T1666,Modify Cloud Resource Hierarchy,Defense Impairment,,,
SecureBERT,T1666,Modify Cloud Resource Hierarchy,Defense Impairment,,,
BERT,T1666,Modify Cloud Resource Hierarchy,Defense Impairment,,,
CTI-BERT,T1667,Email Bombing,Impact,,,
SecureBERT,T1667,Email Bombing,Impact,,,
BERT,T1667,Email Bombing,Impact,,,
CTI-BERT,T1668,Exclusive Control,Persistence,,,
SecureBERT,T1668,Exclusive Control,Persistence,T1136,Create Account,0.9601
BERT,T1668,Exclusive Control,Persistence,,,
CTI-BERT,T1669,Wi-Fi Networks,Initial Access,,,
SecureBERT,T1669,Wi-Fi Networks,Initial Access,T1659,Content Injection,0.9629
BERT,T1669,Wi-Fi Networks,Initial Access,,,
CTI-BERT,T1671,Cloud Application Integration,Persistence,,,
SecureBERT,T1671,Cloud Application Integration,Persistence,T1505,Server Software Component,0.9625
BERT,T1671,Cloud Application Integration,Persistence,,,
CTI-BERT,T1673,Virtual Machine Discovery,Discovery,,,
SecureBERT,T1673,Virtual Machine Discovery,Discovery,T1018,Remote System Discovery,0.9691
BERT,T1673,Virtual Machine Discovery,Discovery,,,
CTI-BERT,T1674,Input Injection,Execution,,,
SecureBERT,T1674,Input Injection,Execution,T1204,User Execution,0.9685
BERT,T1674,Input Injection,Execution,,,
CTI-BERT,T1675,ESXi Administration Command,Execution,,,
SecureBERT,T1675,ESXi Administration Command,Execution,T1651,Cloud Administration Command,0.9685
BERT,T1675,ESXi Administration Command,Execution,,,
CTI-BERT,T1677,Poisoned Pipeline Execution,Execution,,,
SecureBERT,T1677,Poisoned Pipeline Execution,Execution,T1072,Software Deployment Tools,0.9557
BERT,T1677,Poisoned Pipeline Execution,Execution,,,
CTI-BERT,T1678,Delay Execution,Stealth,,,
SecureBERT,T1678,Delay Execution,Stealth,T1574,Hijack Execution Flow,0.9737
BERT,T1678,Delay Execution,Stealth,,,
CTI-BERT,T1679,Selective Exclusion,Stealth,,,
SecureBERT,T1679,Selective Exclusion,Stealth,T1620,Reflective Code Loading,0.9639
BERT,T1679,Selective Exclusion,Stealth,,,
CTI-BERT,T1680,Local Storage Discovery,Discovery,,,
SecureBERT,T1680,Local Storage Discovery,Discovery,T1082,System Information Discovery,0.9725
BERT,T1680,Local Storage Discovery,Discovery,,,
CTI-BERT,T1681,Search Threat Vendor Data,Reconnaissance,,,
SecureBERT,T1681,Search Threat Vendor Data,Reconnaissance,T1682,Query Public AI Services,0.9688
BERT,T1681,Search Threat Vendor Data,Reconnaissance,,,
CTI-BERT,T1682,Query Public AI Services,Reconnaissance,,,
SecureBERT,T1682,Query Public AI Services,Reconnaissance,T1593,Search Open Websites/Domains,0.9715
BERT,T1682,Query Public AI Services,Reconnaissance,,,
CTI-BERT,T1683,Generate Content,Resource Development,,,
SecureBERT,T1683,Generate Content,Resource Development,T1585,Establish Accounts,0.9702
BERT,T1683,Generate Content,Resource Development,,,
CTI-BERT,T1684,Social Engineering,Stealth,,,
SecureBERT,T1684,Social Engineering,Stealth,T1036,Masquerading,0.9557
BERT,T1684,Social Engineering,Stealth,,,
CTI-BERT,T1685,Disable or Modify Tools,Defense Impairment,,,
SecureBERT,T1685,Disable or Modify Tools,Defense Impairment,T1686,Disable or Modify System Firewall,0.9676
BERT,T1685,Disable or Modify Tools,Defense Impairment,,,
CTI-BERT,T1686,Disable or Modify System Firewall,Defense Impairment,,,
SecureBERT,T1686,Disable or Modify System Firewall,Defense Impairment,T1685,Disable or Modify Tools,0.9676
BERT,T1686,Disable or Modify System Firewall,Defense Impairment,,,
CTI-BERT,T1687,Exploitation for Defense Impairment,Defense Impairment,,,
SecureBERT,T1687,Exploitation for Defense Impairment,Defense Impairment,T1685,Disable or Modify Tools,0.9562
BERT,T1687,Exploitation for Defense Impairment,Defense Impairment,,,
CTI-BERT,T1688,Safe Mode Boot,Defense Impairment,,,
SecureBERT,T1688,Safe Mode Boot,Defense Impairment,T1556,Modify Authentication Process,0.9602
BERT,T1688,Safe Mode Boot,Defense Impairment,,,
CTI-BERT,T1689,Downgrade Attack,Defense Impairment,,,
SecureBERT,T1689,Downgrade Attack,Defense Impairment,T1601,Modify System Image,0.9638
BERT,T1689,Downgrade Attack,Defense Impairment,,,
CTI-BERT,T1690,Prevent Command History Logging,Defense Impairment,,,
SecureBERT,T1690,Prevent Command History Logging,Defense Impairment,,,
BERT,T1690,Prevent Command History Logging,Defense Impairment,,,
